{
  "AWSTemplateFormatVersion": "2010-09-09",
  "Description": "Affiantor: Amazon RDS for MariaDB with Free Tier toggle, Secrets Manager-managed master password, and HA-ready parameters (eu-west-3 default region for examples).",
  "Parameters": {
    "Environment": {"Type": "String", "AllowedValues": ["staging", "prod"], "Description": "Environment tag and naming (staging|prod)"},
    "VpcId": {"Type": "AWS::EC2::VPC::Id", "Description": "VPC where the DB will be created"},
    "PrivateSubnetIds": {"Type": "List<AWS::EC2::Subnet::Id>", "Description": "Data subnets (at least two across AZs). Use VPC Output DataSubnetIds from affiantor-vpc-<env> stack."},
    "RdsSecurityGroupId": {"Type": "AWS::EC2::SecurityGroup::Id", "Description": "Security Group that allows inbound 3306 from ECS Tasks SG"},
    "DbName": {"Type": "String", "Default": "affiantor", "AllowedPattern": "[a-zA-Z0-9_]+", "Description": "Initial database name to create"},
    "DbInstanceIdentifier": {"Type": "String", "Default": "", "Description": "Optional explicit DB instance identifier. Leave empty to allow CloudFormation to auto-generate (recommended to enable replacement on updates)."},
    "EngineVersion": {"Type": "String", "Default": "11.4.8", "Description": "MariaDB engine version. Recommended: one of 11.4.5, 11.4.7, 11.4.8, or 11.8.3 (script can auto-select). Choose a version available in your region."},
    "FreeTierMode": {"Type": "String", "AllowedValues": ["true", "false"], "Default": "true", "Description": "If true, configure Free Tier-friendly settings (db.t4g.micro, Single-AZ, 20GB gp3, low backup retention)."},
    "DbInstanceClass": {"Type": "String", "Default": "db.t4g.small", "Description": "Instance class when FreeTierMode=false (ignored if FreeTierMode=true)"},
    "AllocatedStorage": {"Type": "Number", "Default": 20, "Description": "Storage (GiB). For FreeTierMode=true default 20GiB gp3."},
    "BackupRetentionDays": {"Type": "Number", "Default": 7, "Description": "Backup retention days. For FreeTierMode=true this is forced to 3."},
    "MultiAZ": {"Type": "String", "AllowedValues": ["true", "false"], "Default": "false", "Description": "Multi-AZ deployment (ignored if FreeTierMode=true; set to false in Free Tier)."},
    "DeletionProtection": {"Type": "String", "AllowedValues": ["true", "false"], "Default": "false", "Description": "Enable deletion protection (recommended true in prod). Ignored in Free Tier, forced false."},
    "PubliclyAccessible": {"Type": "String", "AllowedValues": ["true", "false"], "Default": "false", "Description": "Keep false: DB in private subnets only."},
    "PreferredBackupWindow": {"Type": "String", "Default": "03:00-04:00", "Description": "UTC backup window (hh24:mi-hh24:mi)"},
    "PreferredMaintenanceWindow": {"Type": "String", "Default": "sun:04:00-sun:05:00", "Description": "UTC maintenance window (ddd:hh24:mi-ddd:hh24:mi)"},
      "UseExistingMasterSecret": {"Type": "String", "AllowedValues": ["true", "false"], "Default": "false", "Description": "If true, use an existing Secrets Manager secret for the master password"},
      "MasterPasswordSecretArn": {"Type": "String", "Default": "", "Description": "Secrets Manager secret ARN to use when UseExistingMasterSecret=true"},
      "MasterPasswordSecretJsonKey": {"Type": "String", "Default": "password", "Description": "JSON key in the secret that contains the password (default: password)"}
  },
  "Conditions": {
    "IsFreeTier": {"Fn::Equals": [{"Ref": "FreeTierMode"}, "true"]},
    "DeletionProtectionEnabled": {"Fn::Equals": [{"Ref": "DeletionProtection"}, "true"]},
    "MultiAzEnabled": {"Fn::Equals": [{"Ref": "MultiAZ"}, "true"]},
    "PubliclyAccessibleEnabled": {"Fn::Equals": [{"Ref": "PubliclyAccessible"}, "true"]},
    "UseExistingSecret": {"Fn::Equals": [{"Ref": "UseExistingMasterSecret"}, "true"]},
    "HasCustomDbId": {"Fn::Not": [{"Fn::Equals": [{"Ref": "DbInstanceIdentifier"}, ""]}]}
  },
  "Resources": {
    "DbSubnetGroup": {
      "Type": "AWS::RDS::DBSubnetGroup",
      "Properties": {
        "DBSubnetGroupDescription": {"Fn::Sub": "Affiantor ${Environment} DB subnet group"},
        "SubnetIds": {"Ref": "PrivateSubnetIds"},
        "Tags": [
          {"Key": "Name", "Value": {"Fn::Sub": "db-subnet-group-affiantor-${Environment}-${AWS::Region}"}},
          {"Key": "Project", "Value": "affiantor"},
          {"Key": "Environment", "Value": {"Ref": "Environment"}}
        ]
      }
    },
    "MariaDbInstance": {
      "Type": "AWS::RDS::DBInstance",
      "DeletionPolicy": "Snapshot",
      "UpdateReplacePolicy": "Snapshot",
      "Properties": {
        "DBInstanceIdentifier": {"Fn::If": ["HasCustomDbId", {"Ref": "DbInstanceIdentifier"}, {"Ref": "AWS::NoValue"}]},
        "Engine": "mariadb",
        "EngineVersion": {"Ref": "EngineVersion"},
        "DBName": {"Ref": "DbName"},
        "DBSubnetGroupName": {"Ref": "DbSubnetGroup"},
        "VPCSecurityGroups": [{"Ref": "RdsSecurityGroupId"}],
        "AllocatedStorage": {"Ref": "AllocatedStorage"},
        "StorageType": "gp3",
        "CopyTagsToSnapshot": true,
        "EnablePerformanceInsights": false,
        "DeletionProtection": {"Fn::If": ["IsFreeTier", false, {"Fn::If": ["DeletionProtectionEnabled", true, false]}]},
        "MultiAZ": {"Fn::If": ["IsFreeTier", false, {"Fn::If": ["MultiAzEnabled", true, false]}]},
        "PubliclyAccessible": {"Fn::If": ["PubliclyAccessibleEnabled", true, false]},
        "PreferredBackupWindow": {"Ref": "PreferredBackupWindow"},
        "BackupRetentionPeriod": {"Fn::If": ["IsFreeTier", 3, {"Ref": "BackupRetentionDays"}]},
        "PreferredMaintenanceWindow": {"Ref": "PreferredMaintenanceWindow"},
        "AutoMinorVersionUpgrade": true,
        "DBInstanceClass": {"Fn::If": ["IsFreeTier", "db.t4g.micro", {"Ref": "DbInstanceClass"}]},
        "ManageMasterUserPassword": {"Fn::If": ["UseExistingSecret", false, true]},
        "MasterUserPassword": {"Fn::If": ["UseExistingSecret", {"Fn::Sub": "{{resolve:secretsmanager:${MasterPasswordSecretArn}:SecretString:${MasterPasswordSecretJsonKey}}}"}, {"Ref": "AWS::NoValue"}]},
        "MasterUsername": "admin"
      }
    }
  },
  "Outputs": {
    "DbInstanceIdentifier": {"Value": {"Ref": "MariaDbInstance"}},
    "EndpointAddress": {"Value": {"Fn::GetAtt": ["MariaDbInstance", "Endpoint.Address"]}},
    "EndpointPort": {"Value": {"Fn::GetAtt": ["MariaDbInstance", "Endpoint.Port"]}},
    "DbArn": {"Value": {"Fn::GetAtt": ["MariaDbInstance", "DBInstanceArn"]}},
    "MasterUserSecretArn": {
      "Description": "Secrets Manager ARN for the master credentials: provided secret when using existing, otherwise RDS-managed secret",
      "Value": {"Fn::If": ["UseExistingSecret", {"Ref": "MasterPasswordSecretArn"}, {"Fn::GetAtt": ["MariaDbInstance", "MasterUserSecret.SecretArn"]}]}
    }
  }
}
